year,month,region,median,p25,p75,frac_sat_only,n
1981,1,West Africa,0.38454902172088623,0.25,0.6440505981445312,0.424901185770751,202400
1981,1,NW US,0.8043519258499146,0.7730432748794556,0.8244357109069824,0.036366666666666665,60000
1981,7,West Africa,0.4457108974456787,0.25,0.6570563912391663,0.38997529644268775,202400
1981,7,NW US,0.8010073900222778,0.7731262445449829,0.8201900720596313,0.036366666666666665,60000
1982,1,West Africa,0.38660913705825806,0.25,0.644718587398529,0.4235622529644269,202400
1982,1,NW US,0.8028526902198792,0.7698662281036377,0.8237127065658569,0.036366666666666665,60000
1982,7,West Africa,0.450802743434906,0.25,0.6605908274650574,0.3888241106719368,202400
1982,7,NW US,0.800635576248169,0.772254228591919,0.8201152682304382,0.036366666666666665,60000
1983,1,West Africa,0.3883151412010193,0.25,0.6460224986076355,0.4224703557312253,202400
1983,1,NW US,0.8038238286972046,0.7718634009361267,0.8242634534835815,0.036366666666666665,60000
1983,7,West Africa,0.45247605443000793,0.25,0.6602888107299805,0.3888092885375494,202400
1983,7,NW US,0.8005344271659851,0.7724827527999878,0.8200057148933411,0.036366666666666665,60000
1984,1,West Africa,0.38539618253707886,0.25,0.643693208694458,0.4255385375494071,202400
1984,1,NW US,0.8041694760322571,0.772261381149292,0.8245019912719727,0.036366666666666665,60000
1984,7,West Africa,0.45130735635757446,0.25,0.6609815955162048,0.3899357707509881,202400
1984,7,NW US,0.8014239072799683,0.7739174962043762,0.8203901052474976,0.036366666666666665,60000
1985,1,West Africa,0.39056891202926636,0.25,0.6472055315971375,0.42196640316205536,202400
1985,1,NW US,0.804061233997345,0.7729583978652954,0.8242285847663879,0.036366666666666665,60000
1985,7,West Africa,0.4535387456417084,0.25,0.6628772020339966,0.3886709486166008,202400
1985,7,NW US,0.8011356592178345,0.7730394601821899,0.8202478289604187,0.036366666666666665,60000
1986,1,West Africa,0.3861428499221802,0.25,0.6466858386993408,0.42475790513833994,202400
1986,1,NW US,0.8044503927230835,0.7739795446395874,0.8245031833648682,0.036366666666666665,60000
1986,7,West Africa,0.4535343050956726,0.25,0.6619843244552612,0.38837450592885375,202400
1986,7,NW US,0.8011739253997803,0.7728028297424316,0.8202917575836182,0.036366666666666665,60000
1987,1,West Africa,0.38351237773895264,0.25,0.6453142166137695,0.428552371541502,202400
1987,1,NW US,0.8049103021621704,0.7752257585525513,0.8245882987976074,0.036366666666666665,60000
1987,7,West Africa,0.44863802194595337,0.25,0.6618676781654358,0.39008399209486166,202400
1987,7,NW US,0.8013046383857727,0.7730070948600769,0.8204952478408813,0.036366666666666665,60000
1988,1,West Africa,0.38878506422042847,0.25,0.6469985842704773,0.4238883399209486,202400
1988,1,NW US,0.8040459156036377,0.7742220163345337,0.8241903781890869,0.036366666666666665,60000
1988,7,West Africa,0.45245832204818726,0.25,0.662237823009491,0.3895998023715415,202400
1988,7,NW US,0.8015909790992737,0.7745744585990906,0.8206011652946472,0.036366666666666665,60000
1989,1,West Africa,0.3867570757865906,0.25,0.6457968950271606,0.4234436758893281,202400
1989,1,NW US,0.8049628734588623,0.7753424644470215,0.8246318101882935,0.036366666666666665,60000
1989,7,West Africa,0.45230114459991455,0.25,0.6616668701171875,0.38883399209486164,202400
1989,7,NW US,0.8013538122177124,0.7737932801246643,0.8204954862594604,0.036366666666666665,60000
1990,1,West Africa,0.3827434778213501,0.25,0.6404603123664856,0.4287895256916996,202400
1990,1,NW US,0.8047127723693848,0.7740773558616638,0.8244878053665161,0.036366666666666665,60000
1990,7,West Africa,0.44008076190948486,0.25,0.6576583385467529,0.3932806324110672,202400
1990,7,NW US,0.8008833527565002,0.772617757320404,0.8203416466712952,0.036366666666666665,60000
1991,1,West Africa,0.37989529967308044,0.25,0.6343998908996582,0.42969367588932805,202400
1991,1,NW US,0.804449200630188,0.7739476561546326,0.8244479894638062,0.036366666666666665,60000
1991,7,West Africa,0.4480243921279907,0.25,0.655189573764801,0.38683300395256914,202400
1991,7,NW US,0.8006937503814697,0.7725793123245239,0.820210337638855,0.036366666666666665,60000
1992,1,West Africa,0.38375207781791687,0.25,0.6348713636398315,0.42382411067193676,202400
1992,1,NW US,0.8034809827804565,0.772687554359436,0.8240447044372559,0.036366666666666665,60000
1992,7,West Africa,0.44820308685302734,0.25,0.6560425758361816,0.38360671936758894,202400
1992,7,NW US,0.8001680374145508,0.7715251445770264,0.8200864791870117,0.036366666666666665,60000
1993,1,West Africa,0.33738118410110474,0.25,0.6073132753372192,0.46591403162055334,202400
1993,1,NW US,0.802537202835083,0.770542323589325,0.8237127065658569,0.036366666666666665,60000
1993,7,West Africa,0.4408479928970337,0.25,0.646723210811615,0.38643280632411064,202400
1993,7,NW US,0.8003860116004944,0.772396445274353,0.8199546337127686,0.036366666666666665,60000
1994,1,West Africa,0.38323789834976196,0.25,0.6344940662384033,0.4210622529644269,202400
1994,1,NW US,0.8038337230682373,0.7730244398117065,0.8241323828697205,0.036366666666666665,60000
1994,7,West Africa,0.43795228004455566,0.25,0.6495141983032227,0.38675395256916995,202400
1994,7,NW US,0.800015926361084,0.7716361880302429,0.8197424411773682,0.036366666666666665,60000
1995,1,West Africa,0.37057429552078247,0.25,0.6254565715789795,0.43222826086956523,202400
1995,1,NW US,0.8027234077453613,0.7721724510192871,0.8236245512962341,0.036366666666666665,60000
1995,7,West Africa,0.4235427677631378,0.25,0.645654559135437,0.4018478260869565,202400
1995,7,NW US,0.7990751266479492,0.7698063254356384,0.8192842602729797,0.036366666666666665,60000
1996,1,West Africa,0.35686254501342773,0.25,0.6191086769104004,0.4445701581027668,202400
1996,1,NW US,0.8018745183944702,0.770395815372467,0.8231133222579956,0.036366666666666665,60000
1996,7,West Africa,0.42631858587265015,0.25,0.6464371681213379,0.39187747035573123,202400
1996,7,NW US,0.7991510629653931,0.7689552903175354,0.819319486618042,0.036366666666666665,60000
1997,1,West Africa,0.33717989921569824,0.24756300449371338,0.6104269623756409,0.46250988142292493,202400
1997,1,NW US,0.8023771047592163,0.7702904939651489,0.8234306573867798,0.036366666666666665,60000
1997,7,West Africa,0.40192827582359314,0.25,0.6377519369125366,0.42243577075098815,202400
1997,7,NW US,0.7990894913673401,0.7695379257202148,0.8192967176437378,0.036366666666666665,60000
1998,1,West Africa,0.3525095582008362,0.24988999962806702,0.6051353216171265,0.4445899209486166,202400
1998,1,NW US,0.8030300140380859,0.7714774012565613,0.8237835168838501,0.036366666666666665,60000
1998,7,West Africa,0.4309139847755432,0.25,0.6420301795005798,0.38691699604743085,202400
1998,7,NW US,0.799299955368042,0.7694717645645142,0.8194777965545654,0.036366666666666665,60000
1999,1,West Africa,0.345717191696167,0.24983036518096924,0.6028607487678528,0.45192687747035576,202400
1999,1,NW US,0.8035732507705688,0.7722054719924927,0.8242192268371582,0.036366666666666665,60000
1999,7,West Africa,0.41424083709716797,0.25,0.6364938616752625,0.40317687747035574,202400
1999,7,NW US,0.8000799417495728,0.7711241245269775,0.8199282288551331,0.036366666666666665,60000
2000,1,West Africa,0.33290043473243713,0.24873828887939453,0.5958777070045471,0.46493577075098813,202400
2000,1,NW US,0.8023141026496887,0.7706795930862427,0.8235753774642944,0.036366666666666665,60000
2000,7,West Africa,0.4039992690086365,0.25,0.63361656665802,0.4112796442687747,202400
2000,7,NW US,0.7997573614120483,0.7703742980957031,0.8196689486503601,0.036366666666666665,60000
2001,1,West Africa,0.2912115454673767,0.2481229305267334,0.5527319312095642,0.5093774703557312,202400
2001,1,NW US,0.8031833171844482,0.7726876735687256,0.8239167928695679,0.036366666666666665,60000
2001,7,West Africa,0.38434213399887085,0.25,0.6276999711990356,0.43603754940711464,202400
2001,7,NW US,0.7999007701873779,0.7700937986373901,0.8199118375778198,0.036366666666666665,60000
2002,1,West Africa,0.35123559832572937,0.25,0.596406877040863,0.449046442687747,202400
2002,1,NW US,0.8028723001480103,0.7709640264511108,0.823747456073761,0.036366666666666665,60000
2002,7,West Africa,0.40224605798721313,0.25,0.6299927830696106,0.41401185770750987,202400
2002,7,NW US,0.8008931875228882,0.7719048261642456,0.8204706311225891,0.036366666666666665,60000
2003,1,West Africa,0.35608482360839844,0.25,0.6001071929931641,0.43599308300395256,202400
2003,1,NW US,0.8030627369880676,0.771360456943512,0.8240634202957153,0.036366666666666665,60000
2003,7,West Africa,0.3935531973838806,0.25,0.6232540607452393,0.4186215415019763,202400
2003,7,NW US,0.8005095720291138,0.7708633542060852,0.8202658891677856,0.036366666666666665,60000
2004,1,West Africa,0.3196054697036743,0.24663928151130676,0.5853098630905151,0.4789525691699605,202400
2004,1,NW US,0.8024052977561951,0.7711880207061768,0.8237044811248779,0.036366666666666665,60000
2004,7,West Africa,0.2966155409812927,0.24734343588352203,0.5385697484016418,0.5036561264822135,202400
2004,7,NW US,0.8009830117225647,0.7718023061752319,0.8205858469009399,0.036366666666666665,60000
2005,1,West Africa,0.32606178522109985,0.24792513251304626,0.5881214141845703,0.4712845849802372,202400
2005,1,NW US,0.8029704689979553,0.7715244889259338,0.8240223526954651,0.036366666666666665,60000
2005,7,West Africa,0.36777883768081665,0.25,0.6162987947463989,0.44480731225296444,202400
2005,7,NW US,0.79977947473526,0.768660306930542,0.8200200200080872,0.036366666666666665,60000
2006,1,West Africa,0.2883639335632324,0.2425495982170105,0.5750230550765991,0.5108349802371541,202400
2006,1,NW US,0.8026922941207886,0.7713715434074402,0.8237314224243164,0.036366666666666665,60000
2006,7,West Africa,0.37508076429367065,0.25,0.619442343711853,0.4366403162055336,202400
2006,7,NW US,0.7995571494102478,0.768211841583252,0.8199130892753601,0.036366666666666665,60000
2007,1,West Africa,0.3170340061187744,0.248331218957901,0.5846754908561707,0.481699604743083,202400
2007,1,NW US,0.8021174669265747,0.7712547183036804,0.823514997959137,0.036366666666666665,60000
2007,7,West Africa,0.37536752223968506,0.25,0.6182495355606079,0.43605237154150195,202400
2007,7,NW US,0.7996526956558228,0.7678709030151367,0.8201997876167297,0.036366666666666665,60000
2008,1,West Africa,0.31732869148254395,0.24811381101608276,0.5838278532028198,0.4815612648221344,202400
2008,1,NW US,0.8015996217727661,0.7691125869750977,0.8233767747879028,0.036366666666666665,60000
2008,7,West Africa,0.36879369616508484,0.25,0.613534152507782,0.44182806324110674,202400
2008,7,NW US,0.800199031829834,0.7683316469192505,0.8210665583610535,0.036366666666666665,60000
2009,1,West Africa,0.32706499099731445,0.24811241030693054,0.5956795811653137,0.47267786561264824,202400
2009,1,NW US,0.8027297258377075,0.7708653211593628,0.8241877555847168,0.036366666666666665,60000
2009,7,West Africa,0.39312058687210083,0.25,0.6209769248962402,0.42002470355731225,202400
2009,7,NW US,0.7999200820922852,0.7677664756774902,0.8210746049880981,0.036366666666666665,60000
2010,1,West Africa,0.34249740839004517,0.24946284294128418,0.6034129858016968,0.45604249011857706,202400
2010,1,NW US,0.803657054901123,0.7714558839797974,0.8248599171638489,0.036366666666666665,60000
2010,7,West Africa,0.3797430098056793,0.25,0.621253252029419,0.4319861660079051,202400
2010,7,NW US,0.8008305430412292,0.768976092338562,0.8214876055717468,0.036366666666666665,60000
2011,1,West Africa,0.33129972219467163,0.24958819150924683,0.5975590348243713,0.46886363636363637,202400
2011,1,NW US,0.800783097743988,0.7642655968666077,0.8238668441772461,0.036366666666666665,60000
2011,7,West Africa,0.38944512605667114,0.25,0.6161816120147705,0.42037549407114627,202400
2011,7,NW US,0.7976928949356079,0.7652526497840881,0.8201476335525513,0.036366666666666665,60000
2012,1,West Africa,0.33153292536735535,0.24980205297470093,0.5944481492042542,0.4695602766798419,202400
2012,1,NW US,0.800748348236084,0.7654294371604919,0.8236755132675171,0.036366666666666665,60000
2012,7,West Africa,0.374493271112442,0.25,0.6108698844909668,0.4403310276679842,202400
2012,7,NW US,0.7986871004104614,0.7651206254959106,0.8205486536026001,0.036366666666666665,60000
2013,1,West Africa,0.2930251955986023,0.24312126636505127,0.5783472657203674,0.5061166007905138,202400
2013,1,NW US,0.8020824193954468,0.7668448686599731,0.824357807636261,0.036366666666666665,60000
2013,7,West Africa,0.359073668718338,0.25,0.5894488096237183,0.4505237154150198,202400
2013,7,NW US,0.7969542741775513,0.7623081803321838,0.8198207020759583,0.036366666666666665,60000
2014,1,West Africa,0.28757965564727783,0.24252039194107056,0.5727972388267517,0.5112252964426878,202400
2014,1,NW US,0.8010726571083069,0.76589035987854,0.8241180181503296,0.036366666666666665,60000
2014,7,West Africa,0.35632792115211487,0.25,0.6039193868637085,0.4524703557312253,202400
2014,7,NW US,0.7977107763290405,0.7633363008499146,0.8199989795684814,0.036366666666666665,60000
2015,1,West Africa,0.2588604986667633,0.24620558321475983,0.5653502941131592,0.5344861660079051,202400
2015,1,NW US,0.8008736371994019,0.764654278755188,0.8238106966018677,0.036366666666666665,60000
2015,7,West Africa,0.3619677424430847,0.25,0.5975359082221985,0.4469318181818182,202400
2015,7,NW US,0.7967437505722046,0.7611632347106934,0.8195970058441162,0.036366666666666665,60000
2016,1,West Africa,0.25,0.24792157113552094,0.5175145864486694,0.5647430830039526,202400
2016,1,NW US,0.7999649047851562,0.762592613697052,0.8236345648765564,0.036366666666666665,60000
2016,7,West Africa,0.3491620421409607,0.25,0.5919539928436279,0.4582608695652174,202400
2016,7,NW US,0.7967140674591064,0.7613840699195862,0.8193246126174927,0.036366666666666665,60000
2017,1,West Africa,0.25,0.2474178969860077,0.531136691570282,0.5664871541501977,202400
2017,1,NW US,0.7991467714309692,0.7616696357727051,0.8232331871986389,0.036366666666666665,60000
2017,7,West Africa,0.3407937288284302,0.25,0.5741482377052307,0.4642786561264822,202400
2017,7,NW US,0.7953736782073975,0.7584313750267029,0.8189521431922913,0.036366666666666665,60000
2018,1,West Africa,0.25,0.24575120210647583,0.5412008166313171,0.5434683794466403,202400
2018,1,NW US,0.7995805740356445,0.7621430158615112,0.8236013650894165,0.036366666666666665,60000
2018,7,West Africa,0.332666277885437,0.25,0.5664367079734802,0.4720108695652174,202400
2018,7,NW US,0.7951053380966187,0.7590869665145874,0.818832516670227,0.036366666666666665,60000
2019,1,West Africa,0.25,0.24819093942642212,0.5315070152282715,0.5494812252964427,202400
2019,1,NW US,0.7983704209327698,0.7598714828491211,0.822944164276123,0.036366666666666665,60000
2019,7,West Africa,0.3181062340736389,0.25,0.5535915493965149,0.48231225296442687,202400
2019,7,NW US,0.7948559522628784,0.7582310438156128,0.8187872767448425,0.036366666666666665,60000
2020,1,West Africa,0.25,0.2445792853832245,0.5273669362068176,0.5625988142292491,202400
2020,1,NW US,0.7982025146484375,0.7600934505462646,0.8226600885391235,0.036366666666666665,60000
2020,7,West Africa,0.31358253955841064,0.2499958574771881,0.5520793795585632,0.4874407114624506,202400
2020,7,NW US,0.794462263584137,0.7554845809936523,0.8189018964767456,0.036366666666666665,60000
2021,1,West Africa,0.25,0.24551045894622803,0.5141217708587646,0.5813982213438735,202400
2021,1,NW US,0.7972458600997925,0.7581173181533813,0.8225013017654419,0.036366666666666665,60000
2021,7,West Africa,0.28682735562324524,0.24878567457199097,0.5273271799087524,0.5140069169960474,202400
2021,7,NW US,0.7940667867660522,0.7553561329841614,0.8184707164764404,0.036366666666666665,60000
2022,1,West Africa,0.25,0.23589454591274261,0.40021389722824097,0.6543280632411067,202400
2022,1,NW US,0.776185154914856,0.726711094379425,0.8094883561134338,0.036366666666666665,60000
2022,7,West Africa,0.25,0.22826318442821503,0.3933687210083008,0.6610869565217391,202400
2022,7,NW US,0.7852292060852051,0.7402533888816833,0.8143654465675354,0.036366666666666665,60000
2023,1,West Africa,0.25,0.2340722531080246,0.44272536039352417,0.6351581027667984,202400
2023,1,NW US,0.7887253761291504,0.7446869015693665,0.817972719669342,0.036366666666666665,60000
2023,7,West Africa,0.25,0.22951920330524445,0.42081961035728455,0.6443577075098814,202400
2023,7,NW US,0.7856930494308472,0.742874801158905,0.814462423324585,0.036366666666666665,60000
2024,1,West Africa,0.25,0.23653236031532288,0.46821165084838867,0.6146986166007905,202400
2024,1,NW US,0.782294750213623,0.7343481779098511,0.8142918944358826,0.036366666666666665,60000
2024,7,West Africa,0.25,0.2375337928533554,0.45043954253196716,0.6063982213438736,202400
2024,7,NW US,0.7824806571006775,0.7353765964508057,0.8123211860656738,0.036366666666666665,60000
2025,1,West Africa,0.25,0.23330791294574738,0.43897727131843567,0.6433596837944664,202400
2025,1,NW US,0.7853133678436279,0.7376967072486877,0.8164832592010498,0.036366666666666665,60000
2025,7,West Africa,0.25,0.23246324062347412,0.4232713282108307,0.6305879446640317,202400
2025,7,NW US,0.7806140184402466,0.7335646152496338,0.8109369277954102,0.036366666666666665,60000
